"","day","raw_count","sim_count","jar_id","rep_id","treatment","site"
"1",1,43,906,31,1,"20C","20C"
"2",3,37,713,31,1,"20C","20C"
"3",5,31,699,31,1,"20C","20C"
"4",7,35,601,31,1,"20C","20C"
"5",10,46,596,31,1,"20C","20C"
"6",12,21,444,31,1,"20C","20C"
"7",14,21,291,31,1,"20C","20C"
"8",1,43,734,31,2,"20C","20C"
"9",3,37,609,31,2,"20C","20C"
"10",5,31,602,31,2,"20C","20C"
"11",7,35,531,31,2,"20C","20C"
"12",10,46,523,31,2,"20C","20C"
"13",12,21,361,31,2,"20C","20C"
"14",14,21,315,31,2,"20C","20C"
"15",1,43,760,31,3,"20C","20C"
"16",3,37,683,31,3,"20C","20C"
"17",5,31,634,31,3,"20C","20C"
"18",7,35,575,31,3,"20C","20C"
"19",10,46,575,31,3,"20C","20C"
"20",12,21,406,31,3,"20C","20C"
"21",14,21,378,31,3,"20C","20C"
"22",1,43,747,31,4,"20C","20C"
"23",3,37,733,31,4,"20C","20C"
"24",5,31,662,31,4,"20C","20C"
"25",7,35,658,31,4,"20C","20C"
"26",10,46,622,31,4,"20C","20C"
"27",12,21,335,31,4,"20C","20C"
"28",14,21,284,31,4,"20C","20C"
"29",1,43,702,31,5,"20C","20C"
"30",3,37,667,31,5,"20C","20C"
"31",5,31,662,31,5,"20C","20C"
"32",7,35,642,31,5,"20C","20C"
"33",10,46,578,31,5,"20C","20C"
"34",12,21,363,31,5,"20C","20C"
"35",14,21,263,31,5,"20C","20C"
"36",1,50,1058,33,1,"20C","20C"
"37",3,71,934,33,1,"20C","20C"
"38",5,43,763,33,1,"20C","20C"
"39",7,37,630,33,1,"20C","20C"
"40",10,40,623,33,1,"20C","20C"
"41",12,39,614,33,1,"20C","20C"
"42",14,20,343,33,1,"20C","20C"
"43",1,50,980,33,2,"20C","20C"
"44",3,71,960,33,2,"20C","20C"
"45",5,43,807,33,2,"20C","20C"
"46",7,37,731,33,2,"20C","20C"
"47",10,40,663,33,2,"20C","20C"
"48",12,39,547,33,2,"20C","20C"
"49",14,20,421,33,2,"20C","20C"
"50",1,50,1231,33,3,"20C","20C"
"51",3,71,1040,33,3,"20C","20C"
"52",5,43,786,33,3,"20C","20C"
"53",7,37,685,33,3,"20C","20C"
"54",10,40,617,33,3,"20C","20C"
"55",12,39,609,33,3,"20C","20C"
"56",14,20,462,33,3,"20C","20C"
"57",1,50,1146,33,4,"20C","20C"
"58",3,71,1073,33,4,"20C","20C"
"59",5,43,689,33,4,"20C","20C"
"60",7,37,638,33,4,"20C","20C"
"61",10,40,594,33,4,"20C","20C"
"62",12,39,511,33,4,"20C","20C"
"63",14,20,188,33,4,"20C","20C"
"64",1,50,970,33,5,"20C","20C"
"65",3,71,954,33,5,"20C","20C"
"66",5,43,806,33,5,"20C","20C"
"67",7,37,721,33,5,"20C","20C"
"68",10,40,701,33,5,"20C","20C"
"69",12,39,588,33,5,"20C","20C"
"70",14,20,430,33,5,"20C","20C"
"71",1,51,995,34,1,"20C","20C"
"72",3,43,741,34,1,"20C","20C"
"73",5,35,570,34,1,"20C","20C"
"74",7,22,460,34,1,"20C","20C"
"75",10,30,447,34,1,"20C","20C"
"76",12,13,302,34,1,"20C","20C"
"77",14,23,278,34,1,"20C","20C"
"78",1,51,972,34,2,"20C","20C"
"79",3,43,723,34,2,"20C","20C"
"80",5,35,572,34,2,"20C","20C"
"81",7,22,428,34,2,"20C","20C"
"82",10,30,417,34,2,"20C","20C"
"83",12,13,284,34,2,"20C","20C"
"84",14,23,243,34,2,"20C","20C"
"85",1,51,759,34,3,"20C","20C"
"86",3,43,721,34,3,"20C","20C"
"87",5,35,590,34,3,"20C","20C"
"88",7,22,484,34,3,"20C","20C"
"89",10,30,484,34,3,"20C","20C"
"90",12,13,348,34,3,"20C","20C"
"91",14,23,225,34,3,"20C","20C"
"92",1,51,988,34,4,"20C","20C"
"93",3,43,627,34,4,"20C","20C"
"94",5,35,536,34,4,"20C","20C"
"95",7,22,456,34,4,"20C","20C"
"96",10,30,407,34,4,"20C","20C"
"97",12,13,266,34,4,"20C","20C"
"98",14,23,262,34,4,"20C","20C"
"99",1,51,919,34,5,"20C","20C"
"100",3,43,612,34,5,"20C","20C"
"101",5,35,589,34,5,"20C","20C"
"102",7,22,461,34,5,"20C","20C"
"103",10,30,388,34,5,"20C","20C"
"104",12,13,332,34,5,"20C","20C"
"105",14,23,298,34,5,"20C","20C"
"106",1,47,868,35,1,"20C","20C"
"107",3,41,708,35,1,"20C","20C"
"108",5,33,659,35,1,"20C","20C"
"109",7,35,553,35,1,"20C","20C"
"110",10,26,488,35,1,"20C","20C"
"111",12,38,486,35,1,"20C","20C"
"112",14,30,434,35,1,"20C","20C"
"113",1,47,1002,35,2,"20C","20C"
"114",3,41,698,35,2,"20C","20C"
"115",5,33,590,35,2,"20C","20C"
"116",7,35,540,35,2,"20C","20C"
"117",10,26,532,35,2,"20C","20C"
"118",12,38,507,35,2,"20C","20C"
"119",14,30,463,35,2,"20C","20C"
"120",1,47,899,35,3,"20C","20C"
"121",3,41,809,35,3,"20C","20C"
"122",5,33,621,35,3,"20C","20C"
"123",7,35,595,35,3,"20C","20C"
"124",10,26,590,35,3,"20C","20C"
"125",12,38,560,35,3,"20C","20C"
"126",14,30,459,35,3,"20C","20C"
"127",1,47,834,35,4,"20C","20C"
"128",3,41,707,35,4,"20C","20C"
"129",5,33,626,35,4,"20C","20C"
"130",7,35,503,35,4,"20C","20C"
"131",10,26,496,35,4,"20C","20C"
"132",12,38,496,35,4,"20C","20C"
"133",14,30,468,35,4,"20C","20C"
"134",1,47,821,35,5,"20C","20C"
"135",3,41,662,35,5,"20C","20C"
"136",5,33,589,35,5,"20C","20C"
"137",7,35,585,35,5,"20C","20C"
"138",10,26,548,35,5,"20C","20C"
"139",12,38,539,35,5,"20C","20C"
"140",14,30,410,35,5,"20C","20C"
"141",1,24,575,45,1,"20C","20C"
"142",4,35,540,45,1,"20C","20C"
"143",7,30,503,45,1,"20C","20C"
"144",10,17,392,45,1,"20C","20C"
"145",12,25,324,45,1,"20C","20C"
"146",14,18,320,45,1,"20C","20C"
"147",1,24,642,45,2,"20C","20C"
"148",4,35,591,45,2,"20C","20C"
"149",7,30,528,45,2,"20C","20C"
"150",10,17,426,45,2,"20C","20C"
"151",12,25,375,45,2,"20C","20C"
"152",14,18,356,45,2,"20C","20C"
"153",1,24,654,45,3,"20C","20C"
"154",4,35,590,45,3,"20C","20C"
"155",7,30,548,45,3,"20C","20C"
"156",10,17,406,45,3,"20C","20C"
"157",12,25,381,45,3,"20C","20C"
"158",14,18,273,45,3,"20C","20C"
"159",1,24,713,45,4,"20C","20C"
"160",4,35,554,45,4,"20C","20C"
"161",7,30,471,45,4,"20C","20C"
"162",10,17,350,45,4,"20C","20C"
"163",12,25,329,45,4,"20C","20C"
"164",14,18,288,45,4,"20C","20C"
"165",1,24,602,45,5,"20C","20C"
"166",4,35,574,45,5,"20C","20C"
"167",7,30,475,45,5,"20C","20C"
"168",10,17,409,45,5,"20C","20C"
"169",12,25,384,45,5,"20C","20C"
"170",14,18,307,45,5,"20C","20C"
"171",1,46,746,48,1,"20C","20C"
"172",4,31,658,48,1,"20C","20C"
"173",7,16,394,48,1,"20C","20C"
"174",10,27,394,48,1,"20C","20C"
"175",12,10,249,48,1,"20C","20C"
"176",14,22,213,48,1,"20C","20C"
"177",1,46,759,48,2,"20C","20C"
"178",4,31,455,48,2,"20C","20C"
"179",7,16,419,48,2,"20C","20C"
"180",10,27,388,48,2,"20C","20C"
"181",12,10,341,48,2,"20C","20C"
"182",14,22,322,48,2,"20C","20C"
"183",1,46,889,48,3,"20C","20C"
"184",4,31,700,48,3,"20C","20C"
"185",7,16,458,48,3,"20C","20C"
"186",10,27,449,48,3,"20C","20C"
"187",12,10,235,48,3,"20C","20C"
"188",14,22,217,48,3,"20C","20C"
"189",1,46,871,48,4,"20C","20C"
"190",4,31,569,48,4,"20C","20C"
"191",7,16,348,48,4,"20C","20C"
"192",10,27,330,48,4,"20C","20C"
"193",12,10,219,48,4,"20C","20C"
"194",14,22,213,48,4,"20C","20C"
"195",1,46,772,48,5,"20C","20C"
"196",4,31,558,48,5,"20C","20C"
"197",7,16,382,48,5,"20C","20C"
"198",10,27,364,48,5,"20C","20C"
"199",12,10,284,48,5,"20C","20C"
"200",14,22,206,48,5,"20C","20C"
"201",1,38,619,1,1,"14C","14C"
"202",4,16,434,1,1,"14C","14C"
"203",7,8,210,1,1,"14C","14C"
"204",10,7,140,1,1,"14C","14C"
"205",14,5,75,1,1,"14C","14C"
"206",1,38,691,1,2,"14C","14C"
"207",4,16,280,1,2,"14C","14C"
"208",7,8,164,1,2,"14C","14C"
"209",10,7,104,1,2,"14C","14C"
"210",14,5,90,1,2,"14C","14C"
"211",1,38,678,1,3,"14C","14C"
"212",4,16,212,1,3,"14C","14C"
"213",7,8,135,1,3,"14C","14C"
"214",10,7,123,1,3,"14C","14C"
"215",14,5,108,1,3,"14C","14C"
"216",1,38,553,1,4,"14C","14C"
"217",4,16,345,1,4,"14C","14C"
"218",7,8,216,1,4,"14C","14C"
"219",10,7,160,1,4,"14C","14C"
"220",14,5,70,1,4,"14C","14C"
"221",1,38,789,1,5,"14C","14C"
"222",4,16,287,1,5,"14C","14C"
"223",7,8,156,1,5,"14C","14C"
"224",10,7,132,1,5,"14C","14C"
"225",14,5,73,1,5,"14C","14C"
"226",1,29,472,2,1,"14C","14C"
"227",4,12,210,2,1,"14C","14C"
"228",7,16,198,2,1,"14C","14C"
"229",10,6,116,2,1,"14C","14C"
"230",14,3,79,2,1,"14C","14C"
"231",1,29,582,2,2,"14C","14C"
"232",4,12,281,2,2,"14C","14C"
"233",7,16,258,2,2,"14C","14C"
"234",10,6,119,2,2,"14C","14C"
"235",14,3,48,2,2,"14C","14C"
"236",1,29,482,2,3,"14C","14C"
"237",4,12,225,2,3,"14C","14C"
"238",7,16,225,2,3,"14C","14C"
"239",10,6,112,2,3,"14C","14C"
"240",14,3,60,2,3,"14C","14C"
"241",1,29,402,2,4,"14C","14C"
"242",4,12,396,2,4,"14C","14C"
"243",7,16,219,2,4,"14C","14C"
"244",10,6,159,2,4,"14C","14C"
"245",14,3,23,2,4,"14C","14C"
"246",1,29,490,2,5,"14C","14C"
"247",4,12,352,2,5,"14C","14C"
"248",7,16,210,2,5,"14C","14C"
"249",10,6,127,2,5,"14C","14C"
"250",14,3,72,2,5,"14C","14C"
"251",1,24,506,3,1,"14C","14C"
"252",4,19,264,3,1,"14C","14C"
"253",7,16,242,3,1,"14C","14C"
"254",10,9,238,3,1,"14C","14C"
"255",14,3,27,3,1,"14C","14C"
"256",1,24,356,3,2,"14C","14C"
"257",4,19,215,3,2,"14C","14C"
"258",7,16,194,3,2,"14C","14C"
"259",10,9,132,3,2,"14C","14C"
"260",14,3,119,3,2,"14C","14C"
"261",1,24,575,3,3,"14C","14C"
"262",4,19,259,3,3,"14C","14C"
"263",7,16,259,3,3,"14C","14C"
"264",10,9,153,3,3,"14C","14C"
"265",14,3,89,3,3,"14C","14C"
"266",1,24,343,3,4,"14C","14C"
"267",4,19,310,3,4,"14C","14C"
"268",7,16,274,3,4,"14C","14C"
"269",10,9,233,3,4,"14C","14C"
"270",14,3,91,3,4,"14C","14C"
"271",1,24,406,3,5,"14C","14C"
"272",4,19,389,3,5,"14C","14C"
"273",7,16,256,3,5,"14C","14C"
"274",10,9,144,3,5,"14C","14C"
"275",14,3,50,3,5,"14C","14C"
"276",1,37,758,4,1,"14C","14C"
"277",4,24,559,4,1,"14C","14C"
"278",7,21,294,4,1,"14C","14C"
"279",10,8,258,4,1,"14C","14C"
"280",14,5,84,4,1,"14C","14C"
"281",1,37,702,4,2,"14C","14C"
"282",4,24,447,4,2,"14C","14C"
"283",7,21,378,4,2,"14C","14C"
"284",10,8,203,4,2,"14C","14C"
"285",14,5,158,4,2,"14C","14C"
"286",1,37,631,4,3,"14C","14C"
"287",4,24,554,4,3,"14C","14C"
"288",7,21,381,4,3,"14C","14C"
"289",10,8,174,4,3,"14C","14C"
"290",14,5,85,4,3,"14C","14C"
"291",1,37,641,4,4,"14C","14C"
"292",4,24,431,4,4,"14C","14C"
"293",7,21,413,4,4,"14C","14C"
"294",10,8,199,4,4,"14C","14C"
"295",14,5,105,4,4,"14C","14C"
"296",1,37,756,4,5,"14C","14C"
"297",4,24,505,4,5,"14C","14C"
"298",7,21,380,4,5,"14C","14C"
"299",10,8,104,4,5,"14C","14C"
"300",14,5,75,4,5,"14C","14C"
"301",1,45,917,5,1,"14C","14C"
"302",4,12,310,5,1,"14C","14C"
"303",7,17,244,5,1,"14C","14C"
"304",10,6,95,5,1,"14C","14C"
"305",14,2,35,5,1,"14C","14C"
"306",1,45,806,5,2,"14C","14C"
"307",4,12,216,5,2,"14C","14C"
"308",7,17,173,5,2,"14C","14C"
"309",10,6,93,5,2,"14C","14C"
"310",14,2,47,5,2,"14C","14C"
"311",1,45,857,5,3,"14C","14C"
"312",4,12,239,5,3,"14C","14C"
"313",7,17,215,5,3,"14C","14C"
"314",10,6,132,5,3,"14C","14C"
"315",14,2,51,5,3,"14C","14C"
"316",1,45,821,5,4,"14C","14C"
"317",4,12,321,5,4,"14C","14C"
"318",7,17,291,5,4,"14C","14C"
"319",10,6,107,5,4,"14C","14C"
"320",14,2,68,5,4,"14C","14C"
"321",1,45,849,5,5,"14C","14C"
"322",4,12,296,5,5,"14C","14C"
"323",7,17,227,5,5,"14C","14C"
"324",10,6,111,5,5,"14C","14C"
"325",14,2,63,5,5,"14C","14C"
"326",1,33,568,6,1,"14C","14C"
"327",4,20,450,6,1,"14C","14C"
"328",7,16,423,6,1,"14C","14C"
"329",10,7,178,6,1,"14C","14C"
"330",14,1,2,6,1,"14C","14C"
"331",1,33,476,6,2,"14C","14C"
"332",4,20,393,6,2,"14C","14C"
"333",7,16,251,6,2,"14C","14C"
"334",10,7,132,6,2,"14C","14C"
"335",14,1,39,6,2,"14C","14C"
"336",1,33,517,6,3,"14C","14C"
"337",4,20,416,6,3,"14C","14C"
"338",7,16,285,6,3,"14C","14C"
"339",10,7,110,6,3,"14C","14C"
"340",14,1,22,6,3,"14C","14C"
"341",1,33,396,6,4,"14C","14C"
"342",4,20,284,6,4,"14C","14C"
"343",7,16,262,6,4,"14C","14C"
"344",10,7,131,6,4,"14C","14C"
"345",14,1,11,6,4,"14C","14C"
"346",1,33,475,6,5,"14C","14C"
"347",4,20,417,6,5,"14C","14C"
"348",7,16,189,6,5,"14C","14C"
"349",10,7,124,6,5,"14C","14C"
"350",14,1,66,6,5,"14C","14C"
"351",1,38,533,7,1,"20C","20C"
"352",4,39,531,7,1,"20C","20C"
"353",7,31,508,7,1,"20C","20C"
"354",10,20,447,7,1,"20C","20C"
"355",14,17,265,7,1,"20C","20C"
"356",1,38,718,7,2,"20C","20C"
"357",4,39,629,7,2,"20C","20C"
"358",7,31,511,7,2,"20C","20C"
"359",10,20,394,7,2,"20C","20C"
"360",14,17,213,7,2,"20C","20C"
"361",1,38,803,7,3,"20C","20C"
"362",4,39,567,7,3,"20C","20C"
"363",7,31,412,7,3,"20C","20C"
"364",10,20,297,7,3,"20C","20C"
"365",14,17,268,7,3,"20C","20C"
"366",1,38,721,7,4,"20C","20C"
"367",4,39,701,7,4,"20C","20C"
"368",7,31,455,7,4,"20C","20C"
"369",10,20,362,7,4,"20C","20C"
"370",14,17,306,7,4,"20C","20C"
"371",1,38,701,7,5,"20C","20C"
"372",4,39,637,7,5,"20C","20C"
"373",7,31,400,7,5,"20C","20C"
"374",10,20,392,7,5,"20C","20C"
"375",14,17,337,7,5,"20C","20C"
"376",1,37,620,8,1,"20C","20C"
"377",4,13,290,8,1,"20C","20C"
"378",7,22,274,8,1,"20C","20C"
"379",10,13,215,8,1,"20C","20C"
"380",14,10,108,8,1,"20C","20C"
"381",1,37,693,8,2,"20C","20C"
"382",4,13,336,8,2,"20C","20C"
"383",7,22,318,8,2,"20C","20C"
"384",10,13,291,8,2,"20C","20C"
"385",14,10,245,8,2,"20C","20C"
"386",1,37,636,8,3,"20C","20C"
"387",4,13,351,8,3,"20C","20C"
"388",7,22,330,8,3,"20C","20C"
"389",10,13,238,8,3,"20C","20C"
"390",14,10,222,8,3,"20C","20C"
"391",1,37,443,8,4,"20C","20C"
"392",4,13,330,8,4,"20C","20C"
"393",7,22,322,8,4,"20C","20C"
"394",10,13,223,8,4,"20C","20C"
"395",14,10,205,8,4,"20C","20C"
"396",1,37,710,8,5,"20C","20C"
"397",4,13,301,8,5,"20C","20C"
"398",7,22,291,8,5,"20C","20C"
"399",10,13,255,8,5,"20C","20C"
"400",14,10,163,8,5,"20C","20C"
"401",1,23,387,9,1,"20C","20C"
"402",4,23,354,9,1,"20C","20C"
"403",7,11,262,9,1,"20C","20C"
"404",10,19,251,9,1,"20C","20C"
"405",14,14,182,9,1,"20C","20C"
"406",1,23,509,9,2,"20C","20C"
"407",4,23,503,9,2,"20C","20C"
"408",7,11,291,9,2,"20C","20C"
"409",10,19,279,9,2,"20C","20C"
"410",14,14,250,9,2,"20C","20C"
"411",1,23,485,9,3,"20C","20C"
"412",4,23,441,9,3,"20C","20C"
"413",7,11,263,9,3,"20C","20C"
"414",10,19,224,9,3,"20C","20C"
"415",14,14,186,9,3,"20C","20C"
"416",1,23,534,9,4,"20C","20C"
"417",4,23,413,9,4,"20C","20C"
"418",7,11,351,9,4,"20C","20C"
"419",10,19,266,9,4,"20C","20C"
"420",14,14,259,9,4,"20C","20C"
"421",1,23,402,9,5,"20C","20C"
"422",4,23,345,9,5,"20C","20C"
"423",7,11,253,9,5,"20C","20C"
"424",10,19,253,9,5,"20C","20C"
"425",14,14,188,9,5,"20C","20C"
"426",1,26,534,10,1,"20C","20C"
"427",4,20,385,10,1,"20C","20C"
"428",7,20,266,10,1,"20C","20C"
"429",10,14,240,10,1,"20C","20C"
"430",14,9,189,10,1,"20C","20C"
"431",1,26,382,10,2,"20C","20C"
"432",4,20,272,10,2,"20C","20C"
"433",7,20,262,10,2,"20C","20C"
"434",10,14,186,10,2,"20C","20C"
"435",14,9,136,10,2,"20C","20C"
"436",1,26,468,10,3,"20C","20C"
"437",4,20,323,10,3,"20C","20C"
"438",7,20,250,10,3,"20C","20C"
"439",10,14,212,10,3,"20C","20C"
"440",14,9,166,10,3,"20C","20C"
"441",1,26,374,10,4,"20C","20C"
"442",4,20,374,10,4,"20C","20C"
"443",7,20,319,10,4,"20C","20C"
"444",10,14,303,10,4,"20C","20C"
"445",14,9,142,10,4,"20C","20C"
"446",1,26,426,10,5,"20C","20C"
"447",4,20,379,10,5,"20C","20C"
"448",7,20,374,10,5,"20C","20C"
"449",10,14,208,10,5,"20C","20C"
"450",14,9,174,10,5,"20C","20C"
"451",1,33,611,11,1,"20C","20C"
"452",4,26,439,11,1,"20C","20C"
"453",7,20,307,11,1,"20C","20C"
"454",10,13,212,11,1,"20C","20C"
"455",14,9,164,11,1,"20C","20C"
"456",1,33,574,11,2,"20C","20C"
"457",4,26,436,11,2,"20C","20C"
"458",7,20,344,11,2,"20C","20C"
"459",10,13,258,11,2,"20C","20C"
"460",14,9,167,11,2,"20C","20C"
"461",1,33,471,11,3,"20C","20C"
"462",4,26,448,11,3,"20C","20C"
"463",7,20,261,11,3,"20C","20C"
"464",10,13,212,11,3,"20C","20C"
"465",14,9,186,11,3,"20C","20C"
"466",1,33,733,11,4,"20C","20C"
"467",4,26,523,11,4,"20C","20C"
"468",7,20,317,11,4,"20C","20C"
"469",10,13,245,11,4,"20C","20C"
"470",14,9,151,11,4,"20C","20C"
"471",1,33,660,11,5,"20C","20C"
"472",4,26,542,11,5,"20C","20C"
"473",7,20,528,11,5,"20C","20C"
"474",10,13,167,11,5,"20C","20C"
"475",14,9,41,11,5,"20C","20C"
"476",1,24,435,12,1,"20C","20C"
"477",4,19,294,12,1,"20C","20C"
"478",7,13,244,12,1,"20C","20C"
"479",10,9,187,12,1,"20C","20C"
"480",14,8,50,12,1,"20C","20C"
"481",1,24,414,12,2,"20C","20C"
"482",4,19,386,12,2,"20C","20C"
"483",7,13,199,12,2,"20C","20C"
"484",10,9,168,12,2,"20C","20C"
"485",14,8,150,12,2,"20C","20C"
"486",1,24,477,12,3,"20C","20C"
"487",4,19,289,12,3,"20C","20C"
"488",7,13,207,12,3,"20C","20C"
"489",10,9,178,12,3,"20C","20C"
"490",14,8,109,12,3,"20C","20C"
"491",1,24,402,12,4,"20C","20C"
"492",4,19,381,12,4,"20C","20C"
"493",7,13,242,12,4,"20C","20C"
"494",10,9,233,12,4,"20C","20C"
"495",14,8,149,12,4,"20C","20C"
"496",1,24,376,12,5,"20C","20C"
"497",4,19,350,12,5,"20C","20C"
"498",7,13,181,12,5,"20C","20C"
"499",10,9,154,12,5,"20C","20C"
"500",14,8,57,12,5,"20C","20C"
"501",1,48,651,13,1,"14C","14C"
"502",3,29,517,13,1,"14C","14C"
"503",6,17,346,13,1,"14C","14C"
"504",9,6,154,13,1,"14C","14C"
"505",11,8,137,13,1,"14C","14C"
"506",14,4,51,13,1,"14C","14C"
"507",1,48,847,13,2,"14C","14C"
"508",3,29,488,13,2,"14C","14C"
"509",6,17,299,13,2,"14C","14C"
"510",9,6,138,13,2,"14C","14C"
"511",11,8,109,13,2,"14C","14C"
"512",14,4,45,13,2,"14C","14C"
"513",1,48,948,13,3,"14C","14C"
"514",3,29,431,13,3,"14C","14C"
"515",6,17,291,13,3,"14C","14C"
"516",9,6,151,13,3,"14C","14C"
"517",11,8,102,13,3,"14C","14C"
"518",14,4,65,13,3,"14C","14C"
"519",1,48,923,13,4,"14C","14C"
"520",3,29,504,13,4,"14C","14C"
"521",6,17,278,13,4,"14C","14C"
"522",9,6,206,13,4,"14C","14C"
"523",11,8,204,13,4,"14C","14C"
"524",14,4,70,13,4,"14C","14C"
"525",1,48,741,13,5,"14C","14C"
"526",3,29,532,13,5,"14C","14C"
"527",6,17,278,13,5,"14C","14C"
"528",9,6,218,13,5,"14C","14C"
"529",11,8,110,13,5,"14C","14C"
"530",14,4,106,13,5,"14C","14C"
"531",1,44,822,14,1,"14C","14C"
"532",3,26,408,14,1,"14C","14C"
"533",6,12,201,14,1,"14C","14C"
"534",9,8,103,14,1,"14C","14C"
"535",11,4,92,14,1,"14C","14C"
"536",14,6,82,14,1,"14C","14C"
"537",1,44,707,14,2,"14C","14C"
"538",3,26,488,14,2,"14C","14C"
"539",6,12,214,14,2,"14C","14C"
"540",9,8,123,14,2,"14C","14C"
"541",11,4,88,14,2,"14C","14C"
"542",14,6,79,14,2,"14C","14C"
"543",1,44,602,14,3,"14C","14C"
"544",3,26,444,14,3,"14C","14C"
"545",6,12,244,14,3,"14C","14C"
"546",9,8,167,14,3,"14C","14C"
"547",11,4,96,14,3,"14C","14C"
"548",14,6,75,14,3,"14C","14C"
"549",1,44,712,14,4,"14C","14C"
"550",3,26,460,14,4,"14C","14C"
"551",6,12,181,14,4,"14C","14C"
"552",9,8,113,14,4,"14C","14C"
"553",11,4,86,14,4,"14C","14C"
"554",14,6,66,14,4,"14C","14C"
"555",1,44,559,14,5,"14C","14C"
"556",3,26,401,14,5,"14C","14C"
"557",6,12,246,14,5,"14C","14C"
"558",9,8,144,14,5,"14C","14C"
"559",11,4,64,14,5,"14C","14C"
"560",14,6,51,14,5,"14C","14C"
"561",1,46,676,15,1,"14C","14C"
"562",3,17,437,15,1,"14C","14C"
"563",6,22,386,15,1,"14C","14C"
"564",9,15,258,15,1,"14C","14C"
"565",11,9,216,15,1,"14C","14C"
"566",14,8,121,15,1,"14C","14C"
"567",1,46,709,15,2,"14C","14C"
"568",3,17,394,15,2,"14C","14C"
"569",6,22,309,15,2,"14C","14C"
"570",9,15,244,15,2,"14C","14C"
"571",11,9,175,15,2,"14C","14C"
"572",14,8,150,15,2,"14C","14C"
"573",1,46,772,15,3,"14C","14C"
"574",3,17,334,15,3,"14C","14C"
"575",6,22,332,15,3,"14C","14C"
"576",9,15,259,15,3,"14C","14C"
"577",11,9,249,15,3,"14C","14C"
"578",14,8,128,15,3,"14C","14C"
"579",1,46,784,15,4,"14C","14C"
"580",3,17,278,15,4,"14C","14C"
"581",6,22,271,15,4,"14C","14C"
"582",9,15,256,15,4,"14C","14C"
"583",11,9,195,15,4,"14C","14C"
"584",14,8,101,15,4,"14C","14C"
"585",1,46,707,15,5,"14C","14C"
"586",3,17,347,15,5,"14C","14C"
"587",6,22,310,15,5,"14C","14C"
"588",9,15,278,15,5,"14C","14C"
"589",11,9,203,15,5,"14C","14C"
"590",14,8,78,15,5,"14C","14C"
"591",1,31,593,16,1,"14C","14C"
"592",3,23,501,16,1,"14C","14C"
"593",6,12,247,16,1,"14C","14C"
"594",9,13,200,16,1,"14C","14C"
"595",11,13,194,16,1,"14C","14C"
"596",14,10,183,16,1,"14C","14C"
"597",1,31,397,16,2,"14C","14C"
"598",3,23,305,16,2,"14C","14C"
"599",6,12,209,16,2,"14C","14C"
"600",9,13,194,16,2,"14C","14C"
"601",11,13,188,16,2,"14C","14C"
"602",14,10,174,16,2,"14C","14C"
"603",1,31,501,16,3,"14C","14C"
"604",3,23,374,16,3,"14C","14C"
"605",6,12,296,16,3,"14C","14C"
"606",9,13,233,16,3,"14C","14C"
"607",11,13,215,16,3,"14C","14C"
"608",14,10,206,16,3,"14C","14C"
"609",1,31,548,16,4,"14C","14C"
"610",3,23,334,16,4,"14C","14C"
"611",6,12,212,16,4,"14C","14C"
"612",9,13,205,16,4,"14C","14C"
"613",11,13,173,16,4,"14C","14C"
"614",14,10,145,16,4,"14C","14C"
"615",1,31,551,16,5,"14C","14C"
"616",3,23,520,16,5,"14C","14C"
"617",6,12,287,16,5,"14C","14C"
"618",9,13,272,16,5,"14C","14C"
"619",11,13,270,16,5,"14C","14C"
"620",14,10,263,16,5,"14C","14C"
"621",1,41,629,17,1,"14C","14C"
"622",3,25,450,17,1,"14C","14C"
"623",6,11,306,17,1,"14C","14C"
"624",9,17,240,17,1,"14C","14C"
"625",11,13,123,17,1,"14C","14C"
"626",14,12,123,17,1,"14C","14C"
"627",1,41,690,17,2,"14C","14C"
"628",3,25,483,17,2,"14C","14C"
"629",6,11,373,17,2,"14C","14C"
"630",9,17,316,17,2,"14C","14C"
"631",11,13,231,17,2,"14C","14C"
"632",14,12,161,17,2,"14C","14C"
"633",1,41,652,17,3,"14C","14C"
"634",3,25,502,17,3,"14C","14C"
"635",6,11,326,17,3,"14C","14C"
"636",9,17,244,17,3,"14C","14C"
"637",11,13,172,17,3,"14C","14C"
"638",14,12,133,17,3,"14C","14C"
"639",1,41,719,17,4,"14C","14C"
"640",3,25,356,17,4,"14C","14C"
"641",6,11,255,17,4,"14C","14C"
"642",9,17,216,17,4,"14C","14C"
"643",11,13,187,17,4,"14C","14C"
"644",14,12,170,17,4,"14C","14C"
"645",1,41,650,17,5,"14C","14C"
"646",3,25,537,17,5,"14C","14C"
"647",6,11,346,17,5,"14C","14C"
"648",9,17,281,17,5,"14C","14C"
"649",11,13,213,17,5,"14C","14C"
"650",14,12,182,17,5,"14C","14C"
"651",1,36,516,18,1,"14C","14C"
"652",3,21,492,18,1,"14C","14C"
"653",6,15,289,18,1,"14C","14C"
"654",9,9,144,18,1,"14C","14C"
"655",11,6,135,18,1,"14C","14C"
"656",14,6,62,18,1,"14C","14C"
"657",1,36,603,18,2,"14C","14C"
"658",3,21,402,18,2,"14C","14C"
"659",6,15,325,18,2,"14C","14C"
"660",9,9,185,18,2,"14C","14C"
"661",11,6,119,18,2,"14C","14C"
"662",14,6,77,18,2,"14C","14C"
"663",1,36,717,18,3,"14C","14C"
"664",3,21,446,18,3,"14C","14C"
"665",6,15,311,18,3,"14C","14C"
"666",9,9,140,18,3,"14C","14C"
"667",11,6,137,18,3,"14C","14C"
"668",14,6,83,18,3,"14C","14C"
"669",1,36,597,18,4,"14C","14C"
"670",3,21,465,18,4,"14C","14C"
"671",6,15,290,18,4,"14C","14C"
"672",9,9,185,18,4,"14C","14C"
"673",11,6,105,18,4,"14C","14C"
"674",14,6,69,18,4,"14C","14C"
"675",1,36,587,18,5,"14C","14C"
"676",3,21,440,18,5,"14C","14C"
"677",6,15,385,18,5,"14C","14C"
"678",9,9,143,18,5,"14C","14C"
"679",11,6,91,18,5,"14C","14C"
"680",14,6,70,18,5,"14C","14C"
"681",1,53,988,19,1,"20C","20C"
"682",3,45,852,19,1,"20C","20C"
"683",6,19,357,19,1,"20C","20C"
"684",9,17,350,19,1,"20C","20C"
"685",11,11,321,19,1,"20C","20C"
"686",14,12,273,19,1,"20C","20C"
"687",1,53,881,19,2,"20C","20C"
"688",3,45,598,19,2,"20C","20C"
"689",6,19,438,19,2,"20C","20C"
"690",9,17,241,19,2,"20C","20C"
"691",11,11,182,19,2,"20C","20C"
"692",14,12,165,19,2,"20C","20C"
"693",1,53,1017,19,3,"20C","20C"
"694",3,45,694,19,3,"20C","20C"
"695",6,19,357,19,3,"20C","20C"
"696",9,17,224,19,3,"20C","20C"
"697",11,11,160,19,3,"20C","20C"
"698",14,12,114,19,3,"20C","20C"
"699",1,53,1108,19,4,"20C","20C"
"700",3,45,756,19,4,"20C","20C"
"701",6,19,327,19,4,"20C","20C"
"702",9,17,245,19,4,"20C","20C"
"703",11,11,229,19,4,"20C","20C"
"704",14,12,195,19,4,"20C","20C"
"705",1,53,921,19,5,"20C","20C"
"706",3,45,700,19,5,"20C","20C"
"707",6,19,353,19,5,"20C","20C"
"708",9,17,339,19,5,"20C","20C"
"709",11,11,328,19,5,"20C","20C"
"710",14,12,316,19,5,"20C","20C"
"711",1,51,993,20,1,"20C","20C"
"712",3,48,686,20,1,"20C","20C"
"713",6,34,681,20,1,"20C","20C"
"714",9,20,478,20,1,"20C","20C"
"715",11,27,436,20,1,"20C","20C"
"716",14,16,357,20,1,"20C","20C"
"717",1,51,879,20,2,"20C","20C"
"718",3,48,787,20,2,"20C","20C"
"719",6,34,631,20,2,"20C","20C"
"720",9,20,381,20,2,"20C","20C"
"721",11,27,381,20,2,"20C","20C"
"722",14,16,319,20,2,"20C","20C"
"723",1,51,841,20,3,"20C","20C"
"724",3,48,753,20,3,"20C","20C"
"725",6,34,458,20,3,"20C","20C"
"726",9,20,448,20,3,"20C","20C"
"727",11,27,441,20,3,"20C","20C"
"728",14,16,292,20,3,"20C","20C"
"729",1,51,811,20,4,"20C","20C"
"730",3,48,764,20,4,"20C","20C"
"731",6,34,512,20,4,"20C","20C"
"732",9,20,438,20,4,"20C","20C"
"733",11,27,344,20,4,"20C","20C"
"734",14,16,257,20,4,"20C","20C"
"735",1,51,1025,20,5,"20C","20C"
"736",3,48,895,20,5,"20C","20C"
"737",6,34,577,20,5,"20C","20C"
"738",9,20,400,20,5,"20C","20C"
"739",11,27,341,20,5,"20C","20C"
"740",14,16,299,20,5,"20C","20C"
"741",1,48,918,21,1,"20C","20C"
"742",3,24,520,21,1,"20C","20C"
"743",6,21,315,21,1,"20C","20C"
"744",9,13,213,21,1,"20C","20C"
"745",11,10,195,21,1,"20C","20C"
"746",14,12,193,21,1,"20C","20C"
"747",1,48,708,21,2,"20C","20C"
"748",3,24,415,21,2,"20C","20C"
"749",6,21,342,21,2,"20C","20C"
"750",9,13,273,21,2,"20C","20C"
"751",11,10,201,21,2,"20C","20C"
"752",14,12,194,21,2,"20C","20C"
"753",1,48,721,21,3,"20C","20C"
"754",3,24,436,21,3,"20C","20C"
"755",6,21,414,21,3,"20C","20C"
"756",9,13,338,21,3,"20C","20C"
"757",11,10,335,21,3,"20C","20C"
"758",14,12,236,21,3,"20C","20C"
"759",1,48,798,21,4,"20C","20C"
"760",3,24,494,21,4,"20C","20C"
"761",6,21,293,21,4,"20C","20C"
"762",9,13,227,21,4,"20C","20C"
"763",11,10,218,21,4,"20C","20C"
"764",14,12,110,21,4,"20C","20C"
"765",1,48,789,21,5,"20C","20C"
"766",3,24,521,21,5,"20C","20C"
"767",6,21,376,21,5,"20C","20C"
"768",9,13,244,21,5,"20C","20C"
"769",11,10,223,21,5,"20C","20C"
"770",14,12,220,21,5,"20C","20C"
"771",1,42,711,22,1,"20C","20C"
"772",3,36,550,22,1,"20C","20C"
"773",6,13,268,22,1,"20C","20C"
"774",9,19,254,22,1,"20C","20C"
"775",11,16,254,22,1,"20C","20C"
"776",14,16,198,22,1,"20C","20C"
"777",1,42,836,22,2,"20C","20C"
"778",3,36,660,22,2,"20C","20C"
"779",6,13,224,22,2,"20C","20C"
"780",9,19,223,22,2,"20C","20C"
"781",11,16,214,22,2,"20C","20C"
"782",14,16,212,22,2,"20C","20C"
"783",1,42,743,22,3,"20C","20C"
"784",3,36,561,22,3,"20C","20C"
"785",6,13,310,22,3,"20C","20C"
"786",9,19,285,22,3,"20C","20C"
"787",11,16,208,22,3,"20C","20C"
"788",14,16,169,22,3,"20C","20C"
"789",1,42,798,22,4,"20C","20C"
"790",3,36,703,22,4,"20C","20C"
"791",6,13,341,22,4,"20C","20C"
"792",9,19,341,22,4,"20C","20C"
"793",11,16,311,22,4,"20C","20C"
"794",14,16,302,22,4,"20C","20C"
"795",1,42,859,22,5,"20C","20C"
"796",3,36,537,22,5,"20C","20C"
"797",6,13,383,22,5,"20C","20C"
"798",9,19,334,22,5,"20C","20C"
"799",11,16,305,22,5,"20C","20C"
"800",14,16,195,22,5,"20C","20C"
"801",1,46,864,23,1,"20C","20C"
"802",3,43,792,23,1,"20C","20C"
"803",6,38,617,23,1,"20C","20C"
"804",9,22,544,23,1,"20C","20C"
"805",11,17,452,23,1,"20C","20C"
"806",14,10,265,23,1,"20C","20C"
"807",1,46,904,23,2,"20C","20C"
"808",3,43,768,23,2,"20C","20C"
"809",6,38,679,23,2,"20C","20C"
"810",9,22,412,23,2,"20C","20C"
"811",11,17,327,23,2,"20C","20C"
"812",14,10,171,23,2,"20C","20C"
"813",1,46,941,23,3,"20C","20C"
"814",3,43,905,23,3,"20C","20C"
"815",6,38,490,23,3,"20C","20C"
"816",9,22,381,23,3,"20C","20C"
"817",11,17,170,23,3,"20C","20C"
"818",14,10,73,23,3,"20C","20C"
"819",1,46,907,23,4,"20C","20C"
"820",3,43,624,23,4,"20C","20C"
"821",6,38,593,23,4,"20C","20C"
"822",9,22,406,23,4,"20C","20C"
"823",11,17,297,23,4,"20C","20C"
"824",14,10,233,23,4,"20C","20C"
"825",1,46,821,23,5,"20C","20C"
"826",3,43,809,23,5,"20C","20C"
"827",6,38,692,23,5,"20C","20C"
"828",9,22,431,23,5,"20C","20C"
"829",11,17,286,23,5,"20C","20C"
"830",14,10,231,23,5,"20C","20C"
"831",1,45,983,24,1,"20C","20C"
"832",3,27,465,24,1,"20C","20C"
"833",6,20,388,24,1,"20C","20C"
"834",9,14,295,24,1,"20C","20C"
"835",11,15,294,24,1,"20C","20C"
"836",14,12,160,24,1,"20C","20C"
"837",1,45,707,24,2,"20C","20C"
"838",3,27,521,24,2,"20C","20C"
"839",6,20,244,24,2,"20C","20C"
"840",9,14,220,24,2,"20C","20C"
"841",11,15,220,24,2,"20C","20C"
"842",14,12,120,24,2,"20C","20C"
"843",1,45,910,24,3,"20C","20C"
"844",3,27,493,24,3,"20C","20C"
"845",6,20,308,24,3,"20C","20C"
"846",9,14,269,24,3,"20C","20C"
"847",11,15,186,24,3,"20C","20C"
"848",14,12,164,24,3,"20C","20C"
"849",1,45,873,24,4,"20C","20C"
"850",3,27,466,24,4,"20C","20C"
"851",6,20,406,24,4,"20C","20C"
"852",9,14,318,24,4,"20C","20C"
"853",11,15,262,24,4,"20C","20C"
"854",14,12,180,24,4,"20C","20C"
"855",1,45,762,24,5,"20C","20C"
"856",3,27,573,24,5,"20C","20C"
"857",6,20,369,24,5,"20C","20C"
"858",9,14,308,24,5,"20C","20C"
"859",11,15,286,24,5,"20C","20C"
"860",14,12,188,24,5,"20C","20C"
"861",1,48,720,25,1,"14C","14C"
"862",3,43,623,25,1,"14C","14C"
"863",5,36,586,25,1,"14C","14C"
"864",7,27,533,25,1,"14C","14C"
"865",10,22,475,25,1,"14C","14C"
"866",12,19,445,25,1,"14C","14C"
"867",14,22,254,25,1,"14C","14C"
"868",1,48,1052,25,2,"14C","14C"
"869",3,43,930,25,2,"14C","14C"
"870",5,36,511,25,2,"14C","14C"
"871",7,27,485,25,2,"14C","14C"
"872",10,22,481,25,2,"14C","14C"
"873",12,19,325,25,2,"14C","14C"
"874",14,22,284,25,2,"14C","14C"
"875",1,48,938,25,3,"14C","14C"
"876",3,43,633,25,3,"14C","14C"
"877",5,36,607,25,3,"14C","14C"
"878",7,27,459,25,3,"14C","14C"
"879",10,22,415,25,3,"14C","14C"
"880",12,19,391,25,3,"14C","14C"
"881",14,22,331,25,3,"14C","14C"
"882",1,48,871,25,4,"14C","14C"
"883",3,43,795,25,4,"14C","14C"
"884",5,36,705,25,4,"14C","14C"
"885",7,27,464,25,4,"14C","14C"
"886",10,22,396,25,4,"14C","14C"
"887",12,19,304,25,4,"14C","14C"
"888",14,22,234,25,4,"14C","14C"
"889",1,48,936,25,5,"14C","14C"
"890",3,43,866,25,5,"14C","14C"
"891",5,36,784,25,5,"14C","14C"
"892",7,27,664,25,5,"14C","14C"
"893",10,22,420,25,5,"14C","14C"
"894",12,19,285,25,5,"14C","14C"
"895",14,22,279,25,5,"14C","14C"
"896",1,46,682,26,1,"14C","14C"
"897",3,34,625,26,1,"14C","14C"
"898",5,37,601,26,1,"14C","14C"
"899",7,23,465,26,1,"14C","14C"
"900",10,25,418,26,1,"14C","14C"
"901",12,32,358,26,1,"14C","14C"
"902",14,17,275,26,1,"14C","14C"
"903",1,46,701,26,2,"14C","14C"
"904",3,34,691,26,2,"14C","14C"
"905",5,37,640,26,2,"14C","14C"
"906",7,23,436,26,2,"14C","14C"
"907",10,25,427,26,2,"14C","14C"
"908",12,32,362,26,2,"14C","14C"
"909",14,17,299,26,2,"14C","14C"
"910",1,46,772,26,3,"14C","14C"
"911",3,34,679,26,3,"14C","14C"
"912",5,37,575,26,3,"14C","14C"
"913",7,23,524,26,3,"14C","14C"
"914",10,25,512,26,3,"14C","14C"
"915",12,32,494,26,3,"14C","14C"
"916",14,17,252,26,3,"14C","14C"
"917",1,46,764,26,4,"14C","14C"
"918",3,34,706,26,4,"14C","14C"
"919",5,37,629,26,4,"14C","14C"
"920",7,23,571,26,4,"14C","14C"
"921",10,25,382,26,4,"14C","14C"
"922",12,32,359,26,4,"14C","14C"
"923",14,17,266,26,4,"14C","14C"
"924",1,46,772,26,5,"14C","14C"
"925",3,34,698,26,5,"14C","14C"
"926",5,37,595,26,5,"14C","14C"
"927",7,23,413,26,5,"14C","14C"
"928",10,25,394,26,5,"14C","14C"
"929",12,32,358,26,5,"14C","14C"
"930",14,17,322,26,5,"14C","14C"
"931",1,48,915,27,1,"14C","14C"
"932",3,40,688,27,1,"14C","14C"
"933",5,47,658,27,1,"14C","14C"
"934",7,16,329,27,1,"14C","14C"
"935",10,12,293,27,1,"14C","14C"
"936",12,15,248,27,1,"14C","14C"
"937",14,13,215,27,1,"14C","14C"
"938",1,48,767,27,2,"14C","14C"
"939",3,40,741,27,2,"14C","14C"
"940",5,47,736,27,2,"14C","14C"
"941",7,16,265,27,2,"14C","14C"
"942",10,12,257,27,2,"14C","14C"
"943",12,15,233,27,2,"14C","14C"
"944",14,13,230,27,2,"14C","14C"
"945",1,48,1099,27,3,"14C","14C"
"946",3,40,841,27,3,"14C","14C"
"947",5,47,658,27,3,"14C","14C"
"948",7,16,389,27,3,"14C","14C"
"949",10,12,283,27,3,"14C","14C"
"950",12,15,226,27,3,"14C","14C"
"951",14,13,222,27,3,"14C","14C"
"952",1,48,786,27,4,"14C","14C"
"953",3,40,743,27,4,"14C","14C"
"954",5,47,716,27,4,"14C","14C"
"955",7,16,349,27,4,"14C","14C"
"956",10,12,321,27,4,"14C","14C"
"957",12,15,186,27,4,"14C","14C"
"958",14,13,126,27,4,"14C","14C"
"959",1,48,925,27,5,"14C","14C"
"960",3,40,708,27,5,"14C","14C"
"961",5,47,699,27,5,"14C","14C"
"962",7,16,295,27,5,"14C","14C"
"963",10,12,236,27,5,"14C","14C"
"964",12,15,221,27,5,"14C","14C"
"965",14,13,155,27,5,"14C","14C"
"966",1,40,667,28,1,"14C","14C"
"967",3,30,615,28,1,"14C","14C"
"968",5,28,550,28,1,"14C","14C"
"969",7,23,484,28,1,"14C","14C"
"970",10,17,480,28,1,"14C","14C"
"971",12,21,391,28,1,"14C","14C"
"972",14,25,273,28,1,"14C","14C"
"973",1,40,776,28,2,"14C","14C"
"974",3,30,593,28,2,"14C","14C"
"975",5,28,456,28,2,"14C","14C"
"976",7,23,400,28,2,"14C","14C"
"977",10,17,341,28,2,"14C","14C"
"978",12,21,310,28,2,"14C","14C"
"979",14,25,295,28,2,"14C","14C"
"980",1,40,668,28,3,"14C","14C"
"981",3,30,540,28,3,"14C","14C"
"982",5,28,408,28,3,"14C","14C"
"983",7,23,329,28,3,"14C","14C"
"984",10,17,299,28,3,"14C","14C"
"985",12,21,298,28,3,"14C","14C"
"986",14,25,259,28,3,"14C","14C"
"987",1,40,693,28,4,"14C","14C"
"988",3,30,552,28,4,"14C","14C"
"989",5,28,536,28,4,"14C","14C"
"990",7,23,376,28,4,"14C","14C"
"991",10,17,325,28,4,"14C","14C"
"992",12,21,268,28,4,"14C","14C"
"993",14,25,252,28,4,"14C","14C"
"994",1,40,574,28,5,"14C","14C"
"995",3,30,472,28,5,"14C","14C"
"996",5,28,470,28,5,"14C","14C"
"997",7,23,444,28,5,"14C","14C"
"998",10,17,441,28,5,"14C","14C"
"999",12,21,426,28,5,"14C","14C"
"1000",14,25,235,28,5,"14C","14C"
"1001",1,46,716,29,1,"14C","14C"
"1002",3,36,675,29,1,"14C","14C"
"1003",5,29,436,29,1,"14C","14C"
"1004",7,22,407,29,1,"14C","14C"
"1005",10,20,382,29,1,"14C","14C"
"1006",12,22,371,29,1,"14C","14C"
"1007",14,15,317,29,1,"14C","14C"
"1008",1,46,725,29,2,"14C","14C"
"1009",3,36,624,29,2,"14C","14C"
"1010",5,29,476,29,2,"14C","14C"
"1011",7,22,368,29,2,"14C","14C"
"1012",10,20,354,29,2,"14C","14C"
"1013",12,22,354,29,2,"14C","14C"
"1014",14,15,239,29,2,"14C","14C"
"1015",1,46,943,29,3,"14C","14C"
"1016",3,36,557,29,3,"14C","14C"
"1017",5,29,482,29,3,"14C","14C"
"1018",7,22,416,29,3,"14C","14C"
"1019",10,20,413,29,3,"14C","14C"
"1020",12,22,318,29,3,"14C","14C"
"1021",14,15,306,29,3,"14C","14C"
"1022",1,46,741,29,4,"14C","14C"
"1023",3,36,600,29,4,"14C","14C"
"1024",5,29,576,29,4,"14C","14C"
"1025",7,22,397,29,4,"14C","14C"
"1026",10,20,381,29,4,"14C","14C"
"1027",12,22,366,29,4,"14C","14C"
"1028",14,15,216,29,4,"14C","14C"
"1029",1,46,813,29,5,"14C","14C"
"1030",3,36,655,29,5,"14C","14C"
"1031",5,29,404,29,5,"14C","14C"
"1032",7,22,349,29,5,"14C","14C"
"1033",10,20,334,29,5,"14C","14C"
"1034",12,22,250,29,5,"14C","14C"
"1035",14,15,140,29,5,"14C","14C"
"1036",1,50,813,30,1,"14C","14C"
"1037",3,36,600,30,1,"14C","14C"
"1038",5,26,512,30,1,"14C","14C"
"1039",7,23,415,30,1,"14C","14C"
"1040",10,24,391,30,1,"14C","14C"
"1041",12,24,350,30,1,"14C","14C"
"1042",14,21,240,30,1,"14C","14C"
"1043",1,50,940,30,2,"14C","14C"
"1044",3,36,742,30,2,"14C","14C"
"1045",5,26,531,30,2,"14C","14C"
"1046",7,23,516,30,2,"14C","14C"
"1047",10,24,385,30,2,"14C","14C"
"1048",12,24,384,30,2,"14C","14C"
"1049",14,21,280,30,2,"14C","14C"
"1050",1,50,880,30,3,"14C","14C"
"1051",3,36,682,30,3,"14C","14C"
"1052",5,26,462,30,3,"14C","14C"
"1053",7,23,445,30,3,"14C","14C"
"1054",10,24,343,30,3,"14C","14C"
"1055",12,24,287,30,3,"14C","14C"
"1056",14,21,282,30,3,"14C","14C"
"1057",1,50,698,30,4,"14C","14C"
"1058",3,36,546,30,4,"14C","14C"
"1059",5,26,476,30,4,"14C","14C"
"1060",7,23,416,30,4,"14C","14C"
"1061",10,24,404,30,4,"14C","14C"
"1062",12,24,327,30,4,"14C","14C"
"1063",14,21,327,30,4,"14C","14C"
"1064",1,50,1066,30,5,"14C","14C"
"1065",3,36,813,30,5,"14C","14C"
"1066",5,26,628,30,5,"14C","14C"
"1067",7,23,401,30,5,"14C","14C"
"1068",10,24,400,30,5,"14C","14C"
"1069",12,24,381,30,5,"14C","14C"
"1070",14,21,336,30,5,"14C","14C"
"1071",1,44,745,32,1,"20C","20C"
"1072",3,32,659,32,1,"20C","20C"
"1073",5,25,491,32,1,"20C","20C"
"1074",7,27,483,32,1,"20C","20C"
"1075",10,30,474,32,1,"20C","20C"
"1076",12,25,384,32,1,"20C","20C"
"1077",14,32,382,32,1,"20C","20C"
"1078",1,44,727,32,2,"20C","20C"
"1079",3,32,639,32,2,"20C","20C"
"1080",5,25,598,32,2,"20C","20C"
"1081",7,27,530,32,2,"20C","20C"
"1082",10,30,522,32,2,"20C","20C"
"1083",12,25,412,32,2,"20C","20C"
"1084",14,32,411,32,2,"20C","20C"
"1085",1,44,879,32,3,"20C","20C"
"1086",3,32,584,32,3,"20C","20C"
"1087",5,25,532,32,3,"20C","20C"
"1088",7,27,485,32,3,"20C","20C"
"1089",10,30,464,32,3,"20C","20C"
"1090",12,25,460,32,3,"20C","20C"
"1091",14,32,386,32,3,"20C","20C"
"1092",1,44,732,32,4,"20C","20C"
"1093",3,32,609,32,4,"20C","20C"
"1094",5,25,601,32,4,"20C","20C"
"1095",7,27,480,32,4,"20C","20C"
"1096",10,30,475,32,4,"20C","20C"
"1097",12,25,429,32,4,"20C","20C"
"1098",14,32,379,32,4,"20C","20C"
"1099",1,44,1000,32,5,"20C","20C"
"1100",3,32,559,32,5,"20C","20C"
"1101",5,25,530,32,5,"20C","20C"
"1102",7,27,525,32,5,"20C","20C"
"1103",10,30,519,32,5,"20C","20C"
"1104",12,25,462,32,5,"20C","20C"
"1105",14,32,438,32,5,"20C","20C"
"1106",1,44,995,36,1,"20C","20C"
"1107",3,53,785,36,1,"20C","20C"
"1108",5,28,668,36,1,"20C","20C"
"1109",7,35,587,36,1,"20C","20C"
"1110",10,38,474,36,1,"20C","20C"
"1111",12,29,431,36,1,"20C","20C"
"1112",14,20,274,36,1,"20C","20C"
"1113",1,44,820,36,2,"20C","20C"
"1114",3,53,777,36,2,"20C","20C"
"1115",5,28,638,36,2,"20C","20C"
"1116",7,35,592,36,2,"20C","20C"
"1117",10,38,590,36,2,"20C","20C"
"1118",12,29,451,36,2,"20C","20C"
"1119",14,20,431,36,2,"20C","20C"
"1120",1,44,981,36,3,"20C","20C"
"1121",3,53,892,36,3,"20C","20C"
"1122",5,28,659,36,3,"20C","20C"
"1123",7,35,541,36,3,"20C","20C"
"1124",10,38,535,36,3,"20C","20C"
"1125",12,29,535,36,3,"20C","20C"
"1126",14,20,441,36,3,"20C","20C"
"1127",1,44,933,36,4,"20C","20C"
"1128",3,53,827,36,4,"20C","20C"
"1129",5,28,729,36,4,"20C","20C"
"1130",7,35,634,36,4,"20C","20C"
"1131",10,38,494,36,4,"20C","20C"
"1132",12,29,428,36,4,"20C","20C"
"1133",14,20,255,36,4,"20C","20C"
"1134",1,44,806,36,5,"20C","20C"
"1135",3,53,790,36,5,"20C","20C"
"1136",5,28,744,36,5,"20C","20C"
"1137",7,35,733,36,5,"20C","20C"
"1138",10,38,589,36,5,"20C","20C"
"1139",12,29,510,36,5,"20C","20C"
"1140",14,20,255,36,5,"20C","20C"
"1141",1,42,685,37,1,"14C","14C"
"1142",4,42,454,37,1,"14C","14C"
"1143",7,19,432,37,1,"14C","14C"
"1144",10,21,340,37,1,"14C","14C"
"1145",12,24,325,37,1,"14C","14C"
"1146",14,10,179,37,1,"14C","14C"
"1147",1,42,798,37,2,"14C","14C"
"1148",4,42,572,37,2,"14C","14C"
"1149",7,19,382,37,2,"14C","14C"
"1150",10,21,370,37,2,"14C","14C"
"1151",12,24,369,37,2,"14C","14C"
"1152",14,10,108,37,2,"14C","14C"
"1153",1,42,868,37,3,"14C","14C"
"1154",4,42,718,37,3,"14C","14C"
"1155",7,19,469,37,3,"14C","14C"
"1156",10,21,465,37,3,"14C","14C"
"1157",12,24,450,37,3,"14C","14C"
"1158",14,10,113,37,3,"14C","14C"
"1159",1,42,791,37,4,"14C","14C"
"1160",4,42,627,37,4,"14C","14C"
"1161",7,19,489,37,4,"14C","14C"
"1162",10,21,356,37,4,"14C","14C"
"1163",12,24,298,37,4,"14C","14C"
"1164",14,10,244,37,4,"14C","14C"
"1165",1,42,750,37,5,"14C","14C"
"1166",4,42,647,37,5,"14C","14C"
"1167",7,19,444,37,5,"14C","14C"
"1168",10,21,394,37,5,"14C","14C"
"1169",12,24,390,37,5,"14C","14C"
"1170",14,10,178,37,5,"14C","14C"
"1171",1,40,637,38,1,"14C","14C"
"1172",4,37,538,38,1,"14C","14C"
"1173",7,20,444,38,1,"14C","14C"
"1174",10,13,283,38,1,"14C","14C"
"1175",12,14,248,38,1,"14C","14C"
"1176",14,10,100,38,1,"14C","14C"
"1177",1,40,839,38,2,"14C","14C"
"1178",4,37,558,38,2,"14C","14C"
"1179",7,20,393,38,2,"14C","14C"
"1180",10,13,266,38,2,"14C","14C"
"1181",12,14,202,38,2,"14C","14C"
"1182",14,10,144,38,2,"14C","14C"
"1183",1,40,820,38,3,"14C","14C"
"1184",4,37,558,38,3,"14C","14C"
"1185",7,20,441,38,3,"14C","14C"
"1186",10,13,190,38,3,"14C","14C"
"1187",12,14,173,38,3,"14C","14C"
"1188",14,10,170,38,3,"14C","14C"
"1189",1,40,863,38,4,"14C","14C"
"1190",4,37,608,38,4,"14C","14C"
"1191",7,20,382,38,4,"14C","14C"
"1192",10,13,268,38,4,"14C","14C"
"1193",12,14,210,38,4,"14C","14C"
"1194",14,10,194,38,4,"14C","14C"
"1195",1,40,640,38,5,"14C","14C"
"1196",4,37,498,38,5,"14C","14C"
"1197",7,20,446,38,5,"14C","14C"
"1198",10,13,274,38,5,"14C","14C"
"1199",12,14,268,38,5,"14C","14C"
"1200",14,10,225,38,5,"14C","14C"
"1201",1,43,688,39,1,"14C","14C"
"1202",4,26,565,39,1,"14C","14C"
"1203",7,17,368,39,1,"14C","14C"
"1204",10,20,292,39,1,"14C","14C"
"1205",12,18,273,39,1,"14C","14C"
"1206",14,9,190,39,1,"14C","14C"
"1207",1,43,757,39,2,"14C","14C"
"1208",4,26,521,39,2,"14C","14C"
"1209",7,17,309,39,2,"14C","14C"
"1210",10,20,296,39,2,"14C","14C"
"1211",12,18,252,39,2,"14C","14C"
"1212",14,9,108,39,2,"14C","14C"
"1213",1,43,609,39,3,"14C","14C"
"1214",4,26,522,39,3,"14C","14C"
"1215",7,17,375,39,3,"14C","14C"
"1216",10,20,344,39,3,"14C","14C"
"1217",12,18,339,39,3,"14C","14C"
"1218",14,9,129,39,3,"14C","14C"
"1219",1,43,716,39,4,"14C","14C"
"1220",4,26,466,39,4,"14C","14C"
"1221",7,17,380,39,4,"14C","14C"
"1222",10,20,303,39,4,"14C","14C"
"1223",12,18,240,39,4,"14C","14C"
"1224",14,9,227,39,4,"14C","14C"
"1225",1,43,586,39,5,"14C","14C"
"1226",4,26,434,39,5,"14C","14C"
"1227",7,17,384,39,5,"14C","14C"
"1228",10,20,313,39,5,"14C","14C"
"1229",12,18,250,39,5,"14C","14C"
"1230",14,9,90,39,5,"14C","14C"
"1231",1,39,690,40,1,"14C","14C"
"1232",4,27,410,40,1,"14C","14C"
"1233",7,28,407,40,1,"14C","14C"
"1234",10,25,365,40,1,"14C","14C"
"1235",12,14,343,40,1,"14C","14C"
"1236",14,10,251,40,1,"14C","14C"
"1237",1,39,466,40,2,"14C","14C"
"1238",4,27,422,40,2,"14C","14C"
"1239",7,28,400,40,2,"14C","14C"
"1240",10,25,389,40,2,"14C","14C"
"1241",12,14,249,40,2,"14C","14C"
"1242",14,10,186,40,2,"14C","14C"
"1243",1,39,790,40,3,"14C","14C"
"1244",4,27,537,40,3,"14C","14C"
"1245",7,28,419,40,3,"14C","14C"
"1246",10,25,374,40,3,"14C","14C"
"1247",12,14,242,40,3,"14C","14C"
"1248",14,10,212,40,3,"14C","14C"
"1249",1,39,570,40,4,"14C","14C"
"1250",4,27,465,40,4,"14C","14C"
"1251",7,28,407,40,4,"14C","14C"
"1252",10,25,364,40,4,"14C","14C"
"1253",12,14,256,40,4,"14C","14C"
"1254",14,10,255,40,4,"14C","14C"
"1255",1,39,666,40,5,"14C","14C"
"1256",4,27,496,40,5,"14C","14C"
"1257",7,28,476,40,5,"14C","14C"
"1258",10,25,320,40,5,"14C","14C"
"1259",12,14,162,40,5,"14C","14C"
"1260",14,10,132,40,5,"14C","14C"
"1261",1,39,810,41,1,"14C","14C"
"1262",4,39,617,41,1,"14C","14C"
"1263",7,26,519,41,1,"14C","14C"
"1264",10,23,403,41,1,"14C","14C"
"1265",12,13,289,41,1,"14C","14C"
"1266",14,1,24,41,1,"14C","14C"
"1267",1,39,762,41,2,"14C","14C"
"1268",4,39,641,41,2,"14C","14C"
"1269",7,26,420,41,2,"14C","14C"
"1270",10,23,249,41,2,"14C","14C"
"1271",12,13,219,41,2,"14C","14C"
"1272",14,1,21,41,2,"14C","14C"
"1273",1,39,665,41,3,"14C","14C"
"1274",4,39,574,41,3,"14C","14C"
"1275",7,26,494,41,3,"14C","14C"
"1276",10,23,322,41,3,"14C","14C"
"1277",12,13,166,41,3,"14C","14C"
"1278",14,1,15,41,3,"14C","14C"
"1279",1,39,739,41,4,"14C","14C"
"1280",4,39,719,41,4,"14C","14C"
"1281",7,26,425,41,4,"14C","14C"
"1282",10,23,423,41,4,"14C","14C"
"1283",12,13,141,41,4,"14C","14C"
"1284",14,1,6,41,4,"14C","14C"
"1285",1,39,871,41,5,"14C","14C"
"1286",4,39,610,41,5,"14C","14C"
"1287",7,26,479,41,5,"14C","14C"
"1288",10,23,362,41,5,"14C","14C"
"1289",12,13,261,41,5,"14C","14C"
"1290",14,1,62,41,5,"14C","14C"
"1291",1,53,844,42,1,"14C","14C"
"1292",4,33,518,42,1,"14C","14C"
"1293",7,25,505,42,1,"14C","14C"
"1294",10,16,323,42,1,"14C","14C"
"1295",12,16,232,42,1,"14C","14C"
"1296",14,10,104,42,1,"14C","14C"
"1297",1,53,1043,42,2,"14C","14C"
"1298",4,33,581,42,2,"14C","14C"
"1299",7,25,530,42,2,"14C","14C"
"1300",10,16,245,42,2,"14C","14C"
"1301",12,16,194,42,2,"14C","14C"
"1302",14,10,104,42,2,"14C","14C"
"1303",1,53,736,42,3,"14C","14C"
"1304",4,33,672,42,3,"14C","14C"
"1305",7,25,474,42,3,"14C","14C"
"1306",10,16,295,42,3,"14C","14C"
"1307",12,16,267,42,3,"14C","14C"
"1308",14,10,214,42,3,"14C","14C"
"1309",1,53,1018,42,4,"14C","14C"
"1310",4,33,477,42,4,"14C","14C"
"1311",7,25,343,42,4,"14C","14C"
"1312",10,16,332,42,4,"14C","14C"
"1313",12,16,239,42,4,"14C","14C"
"1314",14,10,124,42,4,"14C","14C"
"1315",1,53,899,42,5,"14C","14C"
"1316",4,33,537,42,5,"14C","14C"
"1317",7,25,450,42,5,"14C","14C"
"1318",10,16,236,42,5,"14C","14C"
"1319",12,16,158,42,5,"14C","14C"
"1320",14,10,129,42,5,"14C","14C"
"1321",1,37,500,43,1,"20C","20C"
"1322",4,29,500,43,1,"20C","20C"
"1323",7,15,341,43,1,"20C","20C"
"1324",10,17,340,43,1,"20C","20C"
"1325",12,21,301,43,1,"20C","20C"
"1326",14,21,230,43,1,"20C","20C"
"1327",1,37,581,43,2,"20C","20C"
"1328",4,29,441,43,2,"20C","20C"
"1329",7,15,354,43,2,"20C","20C"
"1330",10,17,316,43,2,"20C","20C"
"1331",12,21,263,43,2,"20C","20C"
"1332",14,21,259,43,2,"20C","20C"
"1333",1,37,501,43,3,"20C","20C"
"1334",4,29,365,43,3,"20C","20C"
"1335",7,15,330,43,3,"20C","20C"
"1336",10,17,316,43,3,"20C","20C"
"1337",12,21,305,43,3,"20C","20C"
"1338",14,21,290,43,3,"20C","20C"
"1339",1,37,724,43,4,"20C","20C"
"1340",4,29,571,43,4,"20C","20C"
"1341",7,15,380,43,4,"20C","20C"
"1342",10,17,282,43,4,"20C","20C"
"1343",12,21,280,43,4,"20C","20C"
"1344",14,21,235,43,4,"20C","20C"
"1345",1,37,620,43,5,"20C","20C"
"1346",4,29,575,43,5,"20C","20C"
"1347",7,15,381,43,5,"20C","20C"
"1348",10,17,341,43,5,"20C","20C"
"1349",12,21,339,43,5,"20C","20C"
"1350",14,21,291,43,5,"20C","20C"
"1351",1,32,606,44,1,"20C","20C"
"1352",4,27,490,44,1,"20C","20C"
"1353",7,28,483,44,1,"20C","20C"
"1354",10,30,459,44,1,"20C","20C"
"1355",12,20,371,44,1,"20C","20C"
"1356",14,15,322,44,1,"20C","20C"
"1357",1,32,587,44,2,"20C","20C"
"1358",4,27,551,44,2,"20C","20C"
"1359",7,28,495,44,2,"20C","20C"
"1360",10,30,465,44,2,"20C","20C"
"1361",12,20,286,44,2,"20C","20C"
"1362",14,15,264,44,2,"20C","20C"
"1363",1,32,548,44,3,"20C","20C"
"1364",4,27,515,44,3,"20C","20C"
"1365",7,28,427,44,3,"20C","20C"
"1366",10,30,342,44,3,"20C","20C"
"1367",12,20,312,44,3,"20C","20C"
"1368",14,15,198,44,3,"20C","20C"
"1369",1,32,548,44,4,"20C","20C"
"1370",4,27,520,44,4,"20C","20C"
"1371",7,28,474,44,4,"20C","20C"
"1372",10,30,409,44,4,"20C","20C"
"1373",12,20,326,44,4,"20C","20C"
"1374",14,15,201,44,4,"20C","20C"
"1375",1,32,796,44,5,"20C","20C"
"1376",4,27,620,44,5,"20C","20C"
"1377",7,28,508,44,5,"20C","20C"
"1378",10,30,435,44,5,"20C","20C"
"1379",12,20,330,44,5,"20C","20C"
"1380",14,15,182,44,5,"20C","20C"
"1381",1,40,656,46,1,"20C","20C"
"1382",4,36,634,46,1,"20C","20C"
"1383",7,33,493,46,1,"20C","20C"
"1384",10,26,460,46,1,"20C","20C"
"1385",12,23,382,46,1,"20C","20C"
"1386",14,22,357,46,1,"20C","20C"
"1387",1,40,800,46,2,"20C","20C"
"1388",4,36,710,46,2,"20C","20C"
"1389",7,33,702,46,2,"20C","20C"
"1390",10,26,589,46,2,"20C","20C"
"1391",12,23,338,46,2,"20C","20C"
"1392",14,22,297,46,2,"20C","20C"
"1393",1,40,772,46,3,"20C","20C"
"1394",4,36,729,46,3,"20C","20C"
"1395",7,33,690,46,3,"20C","20C"
"1396",10,26,436,46,3,"20C","20C"
"1397",12,23,426,46,3,"20C","20C"
"1398",14,22,399,46,3,"20C","20C"
"1399",1,40,613,46,4,"20C","20C"
"1400",4,36,611,46,4,"20C","20C"
"1401",7,33,561,46,4,"20C","20C"
"1402",10,26,441,46,4,"20C","20C"
"1403",12,23,381,46,4,"20C","20C"
"1404",14,22,188,46,4,"20C","20C"
"1405",1,40,886,46,5,"20C","20C"
"1406",4,36,538,46,5,"20C","20C"
"1407",7,33,521,46,5,"20C","20C"
"1408",10,26,472,46,5,"20C","20C"
"1409",12,23,413,46,5,"20C","20C"
"1410",14,22,391,46,5,"20C","20C"
"1411",1,56,821,47,1,"20C","20C"
"1412",4,45,675,47,1,"20C","20C"
"1413",7,27,486,47,1,"20C","20C"
"1414",10,31,431,47,1,"20C","20C"
"1415",12,20,362,47,1,"20C","20C"
"1416",14,21,314,47,1,"20C","20C"
"1417",1,56,1018,47,2,"20C","20C"
"1418",4,45,632,47,2,"20C","20C"
"1419",7,27,623,47,2,"20C","20C"
"1420",10,31,471,47,2,"20C","20C"
"1421",12,20,369,47,2,"20C","20C"
"1422",14,21,240,47,2,"20C","20C"
"1423",1,56,871,47,3,"20C","20C"
"1424",4,45,802,47,3,"20C","20C"
"1425",7,27,520,47,3,"20C","20C"
"1426",10,31,441,47,3,"20C","20C"
"1427",12,20,366,47,3,"20C","20C"
"1428",14,21,208,47,3,"20C","20C"
"1429",1,56,801,47,4,"20C","20C"
"1430",4,45,703,47,4,"20C","20C"
"1431",7,27,680,47,4,"20C","20C"
"1432",10,31,467,47,4,"20C","20C"
"1433",12,20,317,47,4,"20C","20C"
"1434",14,21,313,47,4,"20C","20C"
"1435",1,56,741,47,5,"20C","20C"
"1436",4,45,691,47,5,"20C","20C"
"1437",7,27,556,47,5,"20C","20C"
"1438",10,31,494,47,5,"20C","20C"
"1439",12,20,384,47,5,"20C","20C"
"1440",14,21,380,47,5,"20C","20C"
